{"cameraMode":{"drawMode":0,"name":"Shaded","section":"Shading Mode"},"sceneLighting":true,"audioPlay":false,"sceneViewState":{"showFog":true,"showMaterialUpdate":true,"showSkybox":true,"showFlares":true,"showImageEffects":true,"showParticleSystems":true},"in2DMode":false,"pivot":{"x":-0.5763893127441406,"y":-0.4648594856262207,"z":-8.718925476074219},"rotation":{"x":-0.10168742388486862,"y":0.6849895715713501,"z":-0.09744530916213989,"w":-0.7148115634918213},"size":10.7920560836792,"orthographic":false}